agerange,pct
16-20,0
21-30,0.371859296
31-40,0.336683417
41-50,0.185929648
51-60,0.095477387
61-70,0.010050251
>70,0